-- run after CREATE_TABLES.sql, python populate_tables.py and BOOKINGS.sql

USE moviemagic;

INSERT INTO payment (paymentid, amount, payment_date, payment_time, payment_type, customerid, bookingid)
VALUES
(8, 100, '2024-01-18', '11:19:27', 'giftcard', 6, NULL),
(9, 100, '2024-01-18', '11:25:02', 'giftcard', 1, NULL),
(11, 150, '2024-01-18', '19:32:32', 'giftcard', 7, NULL),
(15, 150, '2024-01-29', '14:10:57', 'giftcard', 2, NULL),
(16, 100, '2024-01-29', '14:14:25', 'giftcard', 9, NULL),
(17, 20, '2024-01-29', '14:17:10', 'giftcard', 9, NULL),
(28, 90, '2024-02-04', '21:01:19', 'giftcard', 11, NULL),
(34, 160, '2024-02-05', '07:30:53', 'giftcard', 10, NULL),
(39, 250, '2024-02-05', '07:47:10', 'giftcard', 16, NULL),
(42, 300, '2024-02-05', '07:55:51', 'giftcard', 9, NULL),
(46, 200, '2024-02-05', '08:07:31', 'giftcard', 21, NULL),
(47, 40, '2024-02-05', '08:09:23', 'giftcard', 21, NULL),
(59, 100, '2024-02-06', '11:41:19', 'giftcard', 46, NULL),
(65, 125, '2024-02-06', '12:19:56', 'giftcard', 83, NULL),
(75, 50, '2024-02-06', '12:59:35', 'giftcard', 121, NULL),
(86, 100, '2024-02-09', '13:01:21', 'giftcard', 83, NULL),
(91, 30, '2024-02-09', '13:16:16', 'giftcard', 38, NULL),
(96, 50, '2024-02-09', '15:01:53', 'giftcard', 32, NULL),
(99, 100, '2024-02-11', '21:05:19', 'giftcard', 76, NULL),
(108, 50, '2024-02-11', '22:05:09', 'giftcard', 70, NULL)
;

INSERT INTO giftcards (giftcardid, giftcard_number, giftcard_value, giftcard_type_id, customerid)
VALUES
(1, 'H1pXwaPJ3eI2EFZc', 50, 2, 6),
(2, 'L6cJcv8ysqwTMf0e', 50, 2, 6),
(3, 'T27fT1eH8liIAz7k', 100, 3, 1),
(4, 'b877A4GI5l5rpgdO', 50, 2, 7),
(5, 'm0YcFZlDvjn9pCAq', 50, 2, 7),
(6, 'jdttBA2FzqQufhIh', 50, 2, 7),
(7, 'Sz7xkgru8utM7PwL', 50, 2, 2),
(8, 'cOnocD1KhpmymYEL', 50, 2, 2),
(9, 'nUymT1GOmORsQmIS', 50, 2, 2),
(10, 'T6zUBDBXLZ2FdWPd', 100, 1, 9),
(11, '9g1qKXT4IfINW4rU', 20, 3, 9),
(12, 'jfTla5ASPno6O2WH', 30, 2, 11),
(13, 'wQSUDWyyxOhUcuHM', 30, 2, 11),
(14, 'v2CUBQDcd8E7mqH5', 30, 2, 11),
(15, 'saY1DkszohxasiBx', 80, 1, 10),
(16, 'jt6tJh0OMJhUWuna', 80, 1, 10),
(17, 'p4GpIu6IbNzbKhpg', 250, 2, 16),
(18, 'owvYd24C8aDfkEDk', 150, 2, 9),
(19, 'VlkAw1LBJZQvAvy2', 150, 2, 9),
(20, 'wT8QFfAPX5EeqPmr', 200, 1, 21),
(21, '1omFyRVI7ZAVHiwI', 20, 3, 21),
(22, 'sKUoO0udTFsYAKZG', 20, 3, 21),
(23, 'OWDQPmqwSpfGnjRV', 50, 4, 46),
(24, 'xyP8oYFY5JApbwWh', 50, 4, 46),
(25, 'k6lUJJ6058PL5GxF', 125, 4, 83),
(26, 'QvCIdllu2qbgJiYz', 50, 2, 121),
(27, 'MpSjFLxRcBgNf0Rl', 100, 4, 83),
(28, 'Awt2HM8pa5tWQxvG', 30, 1, 38),
(29, 'B0skM2NXxXq0EbYX', 50, 1, 32),
(30, '40VNO7UpS7c01Ypa', 100, 2, 76),
(31, 'qvWIgDFxjItoIR9K', 50, 2, 70)
;

INSERT INTO giftcard_payment (gpid, giftcardid, paymentid)
VALUES
(1, 1, 8),
(2, 2, 8),
(3, 3, 9),
(4, 4, 11),
(5, 5, 11),
(6, 6, 11),
(7, 7, 15),
(8, 8, 15),
(9, 9, 15),
(10, 10, 16),
(11, 11, 17),
(12, 12, 28),
(13, 13, 28),
(14, 14, 28),
(15, 15, 34),
(16, 16, 34),
(17, 17, 39),
(18, 18, 42),
(19, 19, 42),
(20, 20, 46),
(21, 21, 47),
(22, 22, 47),
(23, 23, 59),
(24, 24, 59),
(25, 25, 65),
(26, 26, 75),
(27, 27, 86),
(28, 28, 91),
(29, 29, 96),
(30, 30, 99),
(31, 31, 108)
;

-- bookings with giftcard applied
INSERT INTO bookings (bookingid, booking_date, booking_time, no_of_tickets, total_amount, giftcardid, giftcard_deducted, payment_amount, customerid, sessionid)
VALUES
(9, '2024-01-18', '19:35:03', 2, 28, 4, 28, 0, 7, 295),
(10, '2024-01-18', '19:35:58', 2, 40, 4, 22, 18, 7, 304),
(14, '2024-01-29', '14:41:58', 2, 32, 11, 20, 12, 20, 292),
(31, '2024-02-05', '07:49:32', 3, 48, 10, 48, 0, 9, 400),
(32, '2024-02-05', '07:52:44', 5, 80, 10, 52, 28, 9, 414),
(38, '2024-02-05', '13:42:15', 5, 100, 7, 50, 50, 29, 400),
(39, '2024-02-05', '13:45:50', 4, 72, 8, 50, 22, 29, 234),
(61, '2024-02-06', '13:11:52', 4, 76, 18, 76, 0, 126, 410),
(76, '2024-02-09', '13:22:11', 4, 76, 24, 50, 26, 14, 431)
;

INSERT INTO booking_seats (bsid, bookingid, seatid, is_checkin)
VALUES
(30, 9, 93, 1),
(31, 9, 94, 1),
(32, 10, 90, 1),
(33, 10, 91, 1),
(41, 14, 29, 1),
(42, 14, 30, 1),
(150, 31, 363, 1),
(151, 31, 365, 1),
(152, 31, 374, 1),
(153, 32, 387, 1),
(154, 32, 388, 1),
(155, 32, 389, 1),
(156, 32, 390, 1),
(157, 32, 391, 1),
(180, 38, 313, 1),
(181, 38, 315, 1),
(182, 38, 324, 1),
(183, 38, 316, 1),
(184, 38, 317, 1),
(185, 39, 91, 1),
(186, 39, 92, 1),
(187, 39, 93, 1),
(188, 39, 94, 1),
(234, 61, 135, 1),
(235, 61, 136, 1),
(236, 61, 137, 1),
(237, 61, 138, 1),
(267, 76, 407, 1),
(268, 76, 408, 1),
(269, 76, 398, 1),
(270, 76, 399, 1)
;

INSERT INTO booking_transactions (transactionid, transaction_date, transaction_time, no_of_tickets, unit_price, bookingid, ticketid)
VALUES
(17, '2024-01-18', '19:35:03', 2, 14, 9, 2),
(18, '2024-01-18', '19:35:58', 2, 20, 10, 1),
(24, '2024-01-29', '14:41:58', 2, 16, 14, 3),
(53, '2024-02-05', '07:49:32', 3, 16, 31, 3),
(54, '2024-02-05', '07:52:44', 5, 16, 32, 3),
(63, '2024-02-05', '13:42:15', 5, 20, 38, 1),
(64, '2024-02-05', '13:45:50', 2, 20, 39, 1),
(65, '2024-02-05', '13:45:50', 2, 16, 39, 3),
(88, '2024-02-06', '13:11:52', 2, 20, 61, 1),
(89, '2024-02-06', '13:11:52', 2, 18, 61, 4),
(107, '2024-02-09', '13:22:11', 2, 20, 76, 1),
(108, '2024-02-09', '13:22:11', 2, 18, 76, 4)
;

INSERT INTO payment (paymentid, amount, payment_date, payment_time, payment_type, customerid, bookingid)
VALUES
(12, 0, '2024-01-18', '19:35:03', 'booking', 7, 9),
(13, 18, '2024-01-18', '19:35:58', 'booking', 7, 10),
(20, 12, '2024-01-29', '14:41:58', 'booking', 20, 14),
(40, 0, '2024-02-05', '07:49:32', 'booking', 9, 31),
(41, 28, '2024-02-05', '07:52:44', 'booking', 9, 32),
(50, 50, '2024-02-05', '13:42:15', 'booking', 29, 38),
(51, 22, '2024-02-05', '13:45:50', 'booking', 29, 39),
(76, 0, '2024-02-06', '13:11:52', 'booking', 126, 61),
(93, 26, '2024-02-09', '13:22:11', 'booking', 14, 76)

